id,orderableId,orderableVersionId,requisitionId,stockOnHand,beginningBalance,totalReceivedQuantity,requestedQuantity,totalConsumedQuantity,requestedQuantityExplanation,totalStockoutDays,maxPeriodsOfStock,skipped,nonFullSupply,adjustedConsumption,averageConsumption,pricePerPack,idealStockAmount,totalLossesAndAdjustments,remarks,approvedQuantity,packsToShip,calculatedOrderQuantity,total,totalCost,calculatedOrderQuantityIsa
99118ee8-ec30-400a-bb05-0b1512bd4fb8,7b9b66e0-f008-4c38-93ec-7a5f4868cca9,1,fd575c05-c469-4bb4-b5d3-4e8937a8c1ff,10,5,5,15,10,Some test explanation,0,2,false,false,10,10,5.1,,,,,,,,,
ad4fe511-43ba-4b3c-8ea3-602c469aca6f,7f7b83db-580d-4269-88d2-7f9c80a591a9,1,fd575c05-c469-4bb4-b5d3-4e8937a8c1ff,1000,400,800,800,1200,Some test explanation,0,2,false,true,1200,1200,20.77,,,,,,,,,
f27415c4-7049-46a6-9e59-818990c85390,7b9b66e0-f008-4c38-93ec-7a5f4868cca9,1,c6ce0209-6caf-4f40-bea8-01ce529fdc67,85,100,16,500,16,Too few left to make any use out of it.,0,2,false,false,16,13,5.1,,-15,,,,,,,
05119a44-5f7a-4ad3-b49f-739661304c59,7f7b83db-580d-4269-88d2-7f9c80a591a9,1,c6ce0209-6caf-4f40-bea8-01ce529fdc67,200,300,0,0,100,we need more,0,2,false,true,100,650,20.77,,,,,,,,,
2efd35db-fa98-4a1a-b711-1aaa9d6b1fcc,d602d0c6-4052-456c-8ccd-61b4ad77bece,1,074a49af-12c3-429f-b5da-ed3f9e65787c,50,100,0,50,50,we need more,0,5,false,false,50,50,5.23,,0,fudge,0,,,,,
90df5393-16e8-419b-8a36-3f5daf9a0f89,23819693-0670-4c4b-b400-28e009b86b51,1,074a49af-12c3-429f-b5da-ed3f9e65787c,0,200,0,0,200,we need more,0,5,false,false,200,200,15.94,,0,,999,,,,,
4b5cde6e-2771-4b64-afd1-5ee4f4452fda,bfde33c3-83f1-4feb-a27c-842852f66b71,1,074a49af-12c3-429f-b5da-ed3f9e65787c,90,100,0,0,10,we need more,0,2,false,false,10,10,25.46,,0,,1278,,,,,
6e3b9044-eb81-45a9-9567-3461cfa6e1d7,880cf2eb-7b68-4450-a037-a0dec1a17987,1,074a49af-12c3-429f-b5da-ed3f9e65787c,0,500,0,0,500,we need more,0,2,false,true,500,500,30.98,,0,,2019,,,,,
8e724d8f-d714-409b-baa9-fe732d7175a7,7b9b66e0-f008-4c38-93ec-7a5f4868cca9,1,074a49af-12c3-429f-b5da-ed3f9e65787c,50,100,0,50,50,we need more,0,2,false,false,50,33,5.1,,0,fudge,0,,,,,
46c607b1-a8da-40de-93d6-9dcae3a34068,7f7b83db-580d-4269-88d2-7f9c80a591a9,1,074a49af-12c3-429f-b5da-ed3f9e65787c,0,200,0,0,200,we need more,0,2,false,true,200,150,20.77,,0,,999,,,,,
8c8026b8-0ae8-4adb-b2ca-bfb0dfb030a5,d602d0c6-4052-456c-8ccd-61b4ad77bece,1,6167e65c-6f56-4aeb-bff5-fdfe84e01a21,45,50,0,0,0,we need more,0,5,false,false,0,25,5.23,,-5,,,,,,,
552eb0f7-fc57-4916-bb54-0c3c9540420a,23819693-0670-4c4b-b400-28e009b86b51,1,6167e65c-6f56-4aeb-bff5-fdfe84e01a21,0,0,0,0,0,we need more,0,5,false,false,0,100,15.94,,0,,,,,,,
bcbd9a7c-6068-40d9-90ab-cb090fd6ed8c,bfde33c3-83f1-4feb-a27c-842852f66b71,1,6167e65c-6f56-4aeb-bff5-fdfe84e01a21,60,90,0,0,0,we need more,0,2,false,false,0,5,25.46,,-30,,,,,,,
502eb011-27bc-4f7f-bb1f-6425ae66a5d5,880cf2eb-7b68-4450-a037-a0dec1a17987,1,6167e65c-6f56-4aeb-bff5-fdfe84e01a21,0,0,0,0,0,we need more,0,2,false,true,0,250,30.98,,0,,,,,,,
5b449a32-aedf-4a8b-a9d7-c3b665ad76e2,7b9b66e0-f008-4c38-93ec-7a5f4868cca9,1,6167e65c-6f56-4aeb-bff5-fdfe84e01a21,0,50,0,0,0,we need more,0,2,false,false,0,25,5.1,,0,,,,,,,
89e46600-aa5a-4cc9-8bfd-67be8e907778,7f7b83db-580d-4269-88d2-7f9c80a591a9,1,6167e65c-6f56-4aeb-bff5-fdfe84e01a21,0,0,0,0,0,we need more,0,2,false,true,0,100,4.34,,0,,,,,,,
ac49b686-c74c-4684-a635-d777ee298cd2,103396e1-f5e4-4754-bb7b-1c799097dfea,1,8c7f1a6d-d139-483a-ad60-4288016f3d23,233,50,250,250,300,Some test explanation,0,10,false,false,,,2.13,,-2,,250,6,,,,
1d0d970f-c619-40db-ae81-6d8990505502,c9e65f02-f84f-4ba2-85f7-e2cb6f0989af,1,8c7f1a6d-d139-483a-ad60-4288016f3d23,29400,1000,30000,35000,31000,Some test explanation,0,10,false,false,,,2.13,,,,35000,7000,,,,
a6d8a940-4172-4fb9-9c5b-2ac238851dab,7b9b66e0-f008-4c38-93ec-7a5f4868cca9,1,21d138bc-f2c2-4188-adf3-a3aae381abde,30000,1000,30000,35000,31000,we need more,0,2,false,false,,,5.1,,,,0,0,,,,
7bfa442a-88c8-4004-917b-fe0d6c979591,bfde33c3-83f1-4feb-a27c-842852f66b71,1,21d138bc-f2c2-4188-adf3-a3aae381abde,30000,1000,30000,35000,31000,we need more,0,2,false,false,,,25.46,,,,0,0,,,,
23bb1dbd-679c-476b-aff7-d908e6db0921,2400e410-b8dd-4954-b1c0-80d8a8e785fc,1,17542db8-7912-4b9f-a922-0b111e1565c8,0,90,0,1000,90,we need more,0,3,false,false,,,3.16,,,,1000,62,,,,
4163986f-6efc-4e69-bb79-2a7402a840c5,c9e65f02-f84f-4ba2-85f7-e2cb6f0989af,1,17542db8-7912-4b9f-a922-0b111e1565c8,0,0,0,3000,0,we need more,0,3,false,false,,,4.13,,,,3000,600,,,,
ac32f98e-878c-46f2-8660-4214ac668bc2,6be94307-c7f4-4782-ba83-45f496c8ac42,1,17542db8-7912-4b9f-a922-0b111e1565c8,0,0,0,2000,0,we need more,0,,false,false,,,2.13,,,,2000,400,,,,
93f4cbb4-0d10-452c-a05f-04994b028135,d602d0c6-4052-456c-8ccd-61b4ad77bece,1,122508c9-f77b-4401-8dd7-00272c7f7919,30000,1000,30000,35000,31000,we need more,0,30,false,false,,,5.153,,,,,,,,,
f2ccd66c-f608-4eaa-8eea-22daba187a5a,23819693-0670-4c4b-b400-28e009b86b51,1,122508c9-f77b-4401-8dd7-00272c7f7919,30000,1000,30000,35000,31000,we need more,0,30,false,false,,,4.1344,,,,,,,,,
682baaa0-9a68-40a2-97a4-a2cafb8fcce6,7b9b66e0-f008-4c38-93ec-7a5f4868cca9,1,f152b9bb-c1e2-40b6-b381-28d739208662,50,100,0,50,50,we need more,0,2,false,false,,,5.1,,0,fudge,0,,,,,
a2ab1bea-5833-4fa6-9c8f-ea4cba43a6da,bfde33c3-83f1-4feb-a27c-842852f66b71,1,f152b9bb-c1e2-40b6-b381-28d739208662,0,200,0,0,200,we need more,0,2,false,false,,,25.46,,0,,999,,,,,
d2529049-6e96-4ca0-870e-6d9819bfb17d,2400e410-b8dd-4954-b1c0-80d8a8e785fc,1,89bd3422-9ada-4369-8ee3-5747fa79c92d,90,100,0,0,10,we need more,0,5.5,false,false,,,3.16,,0,,1278,,,,,
818b66c2-27c3-4662-9644-db8da5afacbe,103396e1-f5e4-4754-bb7b-1c799097dfea,1,89bd3422-9ada-4369-8ee3-5747fa79c92d,0,500,0,0,500,we need more,0,10,false,false,,,2.13,,0,,2019,,,,,
982943fe-c8a7-468c-9622-dd1a345ce459,7b9b66e0-f008-4c38-93ec-7a5f4868cca9,1,276353fb-970f-4638-8ead-3e97c9450aa3,50,100,0,50,50,we need more,0,2,false,false,,,5.1,,0,fudge,0,,,,,
14e25f19-1857-4ab0-b426-2893cef14663,bfde33c3-83f1-4feb-a27c-842852f66b71,1,276353fb-970f-4638-8ead-3e97c9450aa3,0,200,0,0,200,we need more,0,2,false,false,,,25.46,,0,,999,,,,,
a9280f48-5d7f-48b8-9064-10e4d4c567fb,2400e410-b8dd-4954-b1c0-80d8a8e785fc,1,fbb8d966-e3d1-42e5-825f-f75dd63b9a0a,90,100,0,0,10,we need more,0,5.5,false,false,,,3.16,,0,,1278,,,,,
21297efb-af7c-4342-8b00-d15c324d5282,103396e1-f5e4-4754-bb7b-1c799097dfea,1,fbb8d966-e3d1-42e5-825f-f75dd63b9a0a,0,500,0,0,500,we need more,0,10,false,false,,,2.13,,0,,2019,,,,,
a6fc9d99-341c-46e5-87c9-30243a92a671,d602d0c6-4052-456c-8ccd-61b4ad77bece,1,b235dc46-7f19-4ef7-9240-6f43e6db0513,25,50,0,25,25,we need more,0,5,false,false,25,25,5.23,,0,,0,,,,,
129f6d5b-f870-4ba0-b7af-8899d7733b5b,23819693-0670-4c4b-b400-28e009b86b51,1,b235dc46-7f19-4ef7-9240-6f43e6db0513,0,220,0,0,220,we need more,0,5,false,false,220,220,15.94,,0,,660,,,,,
407fdece-5661-4a06-bd11-dc2d413312c2,bfde33c3-83f1-4feb-a27c-842852f66b71,1,b235dc46-7f19-4ef7-9240-6f43e6db0513,90,150,0,0,60,we need more,0,2,false,false,60,60,25.46,,0,,25,,,,,
68a95688-a8dc-11e7-abc4-cec278b6b50a,2400e410-b8dd-4954-b1c0-80d8a8e785fc,1,05883300-976a-11e6-ae22-56b6b6499611,90,100,0,0,10,we need more,0,5.5,false,false,,,3.16,,0,,1278,80,,,,
1ec3aa2c-a8dd-11e7-abc4-cec278b6b50a,7f7b83db-580d-4269-88d2-7f9c80a591a9,1,2a5a3b0c-9769-11e6-ae22-56b6b6499611,1000,400,800,800,1200,Some test explanation,0,2,false,false,1200,1200,20.77,,,,800,160,,,,
7eb200cb-4967-4acf-8834-696a74b07635,8ef9d4da-b6e5-401c-b433-765a5fd8a0cc,1,c537e925-a518-4f5b-8aef-6f07fd9aa58c,50,100,50,100,100,Need more,0,3,false,false,100,100,12,,0,,100,5,250,150,60,
c79e0968-0de4-4c07-adac-ee89f74b66f2,b61c652d-2259-41d7-8bb6-fc5fcdd95626,1,c537e925-a518-4f5b-8aef-6f07fd9aa58c,50,100,50,100,100,Need more,0,3,false,false,100,100,8.5,,0,,100,50,250,150,425,
1cc0e014-7f59-4e61-8fde-c1a7b1842d23,b918c3a4-7d12-4be3-854d-d1792cf3b33b,1,c537e925-a518-4f5b-8aef-6f07fd9aa58c,50,100,50,100,100,Need more,0,3,false,false,100,100,12.5,,0,,100,10,250,150,125,
7791dc64-c37a-4453-9d0f-1699790d0cd8,72971f1d-dd20-4373-aa94-f9615777581b,1,c537e925-a518-4f5b-8aef-6f07fd9aa58c,50,100,50,100,100,Need more,0,3,false,false,100,100,4.6,,0,,100,50,250,150,230,
9657a35e-1190-4971-baf4-732d527457c9,5f0dd194-aae1-490c-8b51-3cf0c87af983,1,c537e925-a518-4f5b-8aef-6f07fd9aa58c,50,100,50,100,100,Need more,0,3,false,false,100,100,2,,0,,100,100,250,150,200,
00df331a-87fa-462b-a40e-1056af3255d5,c0d41166-01fd-4a28-ae2f-46f867ffb368,1,c537e925-a518-4f5b-8aef-6f07fd9aa58c,50,100,50,100,100,Need more,0,3,false,false,100,100,3.13,,0,,100,10,250,150,31.3,
d3a6ec88-5b8f-4f2f-8f5b-fff96cead623,b8ff7c36-2003-46d6-a687-551bdd521a9e,1,c537e925-a518-4f5b-8aef-6f07fd9aa58c,50,100,50,100,100,Need more,0,3,false,false,100,100,13,,0,,100,20,250,150,130,
57bb8b4e-2e39-4566-87b9-eb17ba8d14b3,f8e6ea34-0ad8-43d5-96d7-a6f8b14ff210,1,c537e925-a518-4f5b-8aef-6f07fd9aa58c,50,100,50,100,100,Need more,0,3,false,false,100,100,5,,0,,100,5,250,150,25,
b684ed9f-ecfa-43b6-a4ca-cafeb1e5c777,6fc0455a-d572-4503-bedf-f3872536c2ad,1,c537e925-a518-4f5b-8aef-6f07fd9aa58c,50,100,50,100,100,Need more,0,3,false,false,100,100,1.35,,0,,100,100,250,150,135,
3fb32c85-a776-45f0-9d9d-cb1d932d5927,22dbc5cf-2b86-4763-afc7-e730a2750146,1,c537e925-a518-4f5b-8aef-6f07fd9aa58c,50,100,50,100,100,Need more,0,3,false,false,100,100,4.2,,0,,100,100,250,150,420,
74593732-e657-4db0-9cc5-4c1cde9c5ea7,1a354c78-33e5-423d-a8d8-a8ebfa08e117,1,c537e925-a518-4f5b-8aef-6f07fd9aa58c,50,100,50,100,100,Need more,0,3,false,false,100,100,4,,0,,100,100,250,150,400,
2b9f9ad9-6c22-4486-a390-40432d103e43,bb66a9c4-8443-42ee-b701-caf00061f4df,1,c537e925-a518-4f5b-8aef-6f07fd9aa58c,50,100,50,100,100,Need more,0,3,false,false,100,100,9,,0,,100,100,250,150,900,
a83dce7a-f576-47c1-ac67-647ec09ce9d8,e217910c-3364-46b3-92cd-8dd8acf0c557,1,c537e925-a518-4f5b-8aef-6f07fd9aa58c,50,100,50,100,100,Need more,0,3,false,false,100,100,6,,0,,100,10,250,150,60,
cb0086b4-7be8-48e0-8b48-723e6db57fb6,8ef9d4da-b6e5-401c-b433-765a5fd8a0cc,1,ddfa5b0c-89a6-4973-a47b-cee0d1bf7e36,50,100,50,100,100,Need more,0,3,false,false,100,100,12,,0,,100,5,250,150,60,
670fa80b-48d8-4456-80bc-fe90632dcf6f,b61c652d-2259-41d7-8bb6-fc5fcdd95626,1,ddfa5b0c-89a6-4973-a47b-cee0d1bf7e36,50,100,50,100,100,Need more,0,3,false,false,100,100,8.5,,0,,100,50,250,150,425,
f7b5d513-d5c5-49a4-bd86-1319a3e5b05a,b918c3a4-7d12-4be3-854d-d1792cf3b33b,1,ddfa5b0c-89a6-4973-a47b-cee0d1bf7e36,50,100,50,100,100,Need more,0,3,false,false,100,100,12.5,,0,,100,10,250,150,125,
83a3fd4b-fa07-4788-bc91-45b1e64d204d,72971f1d-dd20-4373-aa94-f9615777581b,1,ddfa5b0c-89a6-4973-a47b-cee0d1bf7e36,50,100,50,100,100,Need more,0,3,false,false,100,100,4.6,,0,,100,50,250,150,230,
aa88937b-45ed-4488-b8a4-a4e8d534e00d,5f0dd194-aae1-490c-8b51-3cf0c87af983,1,ddfa5b0c-89a6-4973-a47b-cee0d1bf7e36,50,100,50,100,100,Need more,0,3,false,false,100,100,2,,0,,100,100,250,150,200,
7dff0085-3948-43ea-a81c-9ac8b8faf4ca,c0d41166-01fd-4a28-ae2f-46f867ffb368,1,ddfa5b0c-89a6-4973-a47b-cee0d1bf7e36,50,100,50,100,100,Need more,0,3,false,false,100,100,3.13,,0,,100,10,250,150,31.3,
ff824840-279c-4afa-944c-2d286f6fcfa3,b8ff7c36-2003-46d6-a687-551bdd521a9e,1,ddfa5b0c-89a6-4973-a47b-cee0d1bf7e36,50,100,50,100,100,Need more,0,3,false,false,100,100,13,,0,,100,20,250,150,130,
978a7623-9668-4db2-b551-2889dff65b7a,f8e6ea34-0ad8-43d5-96d7-a6f8b14ff210,1,ddfa5b0c-89a6-4973-a47b-cee0d1bf7e36,50,100,50,100,100,Need more,0,3,false,false,100,100,5,,0,,100,5,250,150,25,
52ea797a-3294-41d0-9fa7-e6a22d1081f3,6fc0455a-d572-4503-bedf-f3872536c2ad,1,ddfa5b0c-89a6-4973-a47b-cee0d1bf7e36,50,100,50,100,100,Need more,0,3,false,false,100,100,1.35,,0,,100,100,250,150,135,
0bc38a82-a4dc-4599-9a4d-e440736dae65,22dbc5cf-2b86-4763-afc7-e730a2750146,1,ddfa5b0c-89a6-4973-a47b-cee0d1bf7e36,50,100,50,100,100,Need more,0,3,false,false,100,100,4.2,,0,,100,100,250,150,420,
7a762404-cef2-412b-9dfd-5379601b22ed,1a354c78-33e5-423d-a8d8-a8ebfa08e117,1,ddfa5b0c-89a6-4973-a47b-cee0d1bf7e36,50,100,50,100,100,Need more,0,3,false,false,100,100,4,,0,,100,100,250,150,400,
c12891b7-9aac-4bed-a87c-2bcb0ac91ef6,bb66a9c4-8443-42ee-b701-caf00061f4df,1,ddfa5b0c-89a6-4973-a47b-cee0d1bf7e36,50,100,50,100,100,Need more,0,3,false,false,100,100,9,,0,,100,100,250,150,900,
f88f205c-1821-44e6-809f-6ef27bf8d979,e217910c-3364-46b3-92cd-8dd8acf0c557,1,ddfa5b0c-89a6-4973-a47b-cee0d1bf7e36,50,100,50,100,100,Need more,0,3,false,false,100,100,6,,0,,100,10,250,150,60,
93b201ad-942c-4a0e-bd0a-8f002218a2e3,8ef9d4da-b6e5-401c-b433-765a5fd8a0cc,1,bc6d01dd-d861-4136-a0a3-2ffbe3cd27c5,50,100,50,100,100,Need more,0,3,false,false,100,100,6,,0,,100,100,250,150,60,
5ec13936-3cc9-4c88-afcc-b9b636955d5c,b61c652d-2259-41d7-8bb6-fc5fcdd95626,1,bc6d01dd-d861-4136-a0a3-2ffbe3cd27c5,50,100,50,100,100,Need more,0,3,false,false,100,100,6,,0,,100,10,250,150,60,
93ad4347-7fa3-43fd-bcdb-53cf0b1f496f,5f0dd194-aae1-490c-8b51-3cf0c87af983,1,bc6d01dd-d861-4136-a0a3-2ffbe3cd27c5,50,100,50,100,100,Need more,0,3,false,false,100,100,6,,0,,100,10,250,150,60,
ee142aae-2b89-4d90-ab40-12aaa8a3fb7d,e217910c-3364-46b3-92cd-8dd8acf0c557,1,bc6d01dd-d861-4136-a0a3-2ffbe3cd27c5,50,100,50,100,100,Need more,0,3,false,false,100,100,6,,0,,100,50,250,150,60,
83307f4e-5977-4cdd-9f58-d0ca9e6cff3b,8ef9d4da-b6e5-401c-b433-765a5fd8a0cc,1,414ae8dd-4202-4fb3-a107-6f9ae1ed5289,50,,,,,Need more,,3,false,false,100,100,12,,0,,,5,,,60,28650
d67d0cad-f360-4b53-8c4c-fc30f78672d7,b61c652d-2259-41d7-8bb6-fc5fcdd95626,1,414ae8dd-4202-4fb3-a107-6f9ae1ed5289,50,,,,,Need more,,3,false,false,100,100,8.5,,0,,,50,,,425,28650
a78d6771-11f5-4a6c-8d49-ebae9cf00bdd,b918c3a4-7d12-4be3-854d-d1792cf3b33b,1,414ae8dd-4202-4fb3-a107-6f9ae1ed5289,50,,,,,Need more,,3,false,false,100,100,12.5,,0,,,10,,,125,28650
0b625bdb-1900-4768-8be3-6665e372e0c1,72971f1d-dd20-4373-aa94-f9615777581b,1,414ae8dd-4202-4fb3-a107-6f9ae1ed5289,50,,,,,Need more,,3,false,false,100,100,4.6,,0,,,50,,,230,28650
6e193e1e-b971-4777-9bc6-6bf9404c4456,5f0dd194-aae1-490c-8b51-3cf0c87af983,1,414ae8dd-4202-4fb3-a107-6f9ae1ed5289,50,,,,,Need more,,3,false,false,100,100,2,,0,,,100,,,200,28650
b48572fd-6ac1-4f26-bdd0-09ba1a067f3e,c0d41166-01fd-4a28-ae2f-46f867ffb368,1,414ae8dd-4202-4fb3-a107-6f9ae1ed5289,50,,,,,Need more,,3,false,false,100,100,3.13,,0,,,10,,,31.3,28650
ddfa4276-3d4b-4275-816c-9c6afe1577e3,b8ff7c36-2003-46d6-a687-551bdd521a9e,1,414ae8dd-4202-4fb3-a107-6f9ae1ed5289,50,,,,,Need more,,3,false,false,100,100,13,,0,,,20,,,130,28650
98516a2c-d48f-4712-955d-a5561ba6d09b,f8e6ea34-0ad8-43d5-96d7-a6f8b14ff210,1,414ae8dd-4202-4fb3-a107-6f9ae1ed5289,50,,,,,Need more,,3,false,false,100,100,5,,0,,,5,,,25,28650
fe123a66-5eda-4eff-b120-8525430cec85,6fc0455a-d572-4503-bedf-f3872536c2ad,1,414ae8dd-4202-4fb3-a107-6f9ae1ed5289,50,,,,,Need more,,3,false,false,100,100,1.35,,0,,,100,,,135,28650
c27aa1db-e446-400f-b408-371a3b36594d,22dbc5cf-2b86-4763-afc7-e730a2750146,1,414ae8dd-4202-4fb3-a107-6f9ae1ed5289,50,,,,,Need more,,3,false,false,100,100,4.2,,0,,,100,,,420,28650
839e4cd5-62e1-49df-b134-0cc019cfd156,1a354c78-33e5-423d-a8d8-a8ebfa08e117,1,414ae8dd-4202-4fb3-a107-6f9ae1ed5289,50,,,,,Need more,,3,false,false,100,100,4,,0,,,100,,,400,28650
08f1108f-872c-4c09-aa1d-e93a12d7fdfb,bb66a9c4-8443-42ee-b701-caf00061f4df,1,414ae8dd-4202-4fb3-a107-6f9ae1ed5289,50,,,,,Need more,,3,false,false,100,100,9,,0,,,100,,,900,28650
85f2561b-a567-4407-8fe1-36d309d48d6a,e217910c-3364-46b3-92cd-8dd8acf0c557,1,414ae8dd-4202-4fb3-a107-6f9ae1ed5289,50,,,,,Need more,,3,false,false,100,100,6,,0,,,10,,,60,28650
de61d0ca-9ff1-4afe-ac15-692fc787e78c,8ef9d4da-b6e5-401c-b433-765a5fd8a0cc,1,7fdf9c03-cb60-4f35-a565-e1b66cdee97a,50,,,,,Need more,,3,false,false,100,100,12,,0,,,5,,,60,28650
4cb47969-cf55-4dc2-a0c2-c7eaff23e1ec,b61c652d-2259-41d7-8bb6-fc5fcdd95626,1,7fdf9c03-cb60-4f35-a565-e1b66cdee97a,50,,,,,Need more,,3,false,false,100,100,8.5,,0,,,50,,,425,28650
e12a6d06-e168-4550-bd17-7ad8f79bf5d4,b918c3a4-7d12-4be3-854d-d1792cf3b33b,1,7fdf9c03-cb60-4f35-a565-e1b66cdee97a,50,,,,,Need more,,3,false,false,100,100,12.5,,0,,,10,,,125,28650
4a39fd74-fab7-464c-9d68-4dd22d4a6fdc,72971f1d-dd20-4373-aa94-f9615777581b,1,7fdf9c03-cb60-4f35-a565-e1b66cdee97a,50,,,,,Need more,,3,false,false,100,100,4.6,,0,,,50,,,230,28650
ff9dcc9d-88c3-4183-8782-7dbafd6f0099,5f0dd194-aae1-490c-8b51-3cf0c87af983,1,7fdf9c03-cb60-4f35-a565-e1b66cdee97a,50,,,,,Need more,,3,false,false,100,100,2,,0,,,100,,,200,28650
7b6dfbc3-b850-4718-bc6b-395e7d2b5398,c0d41166-01fd-4a28-ae2f-46f867ffb368,1,7fdf9c03-cb60-4f35-a565-e1b66cdee97a,50,,,,,Need more,,3,false,false,100,100,3.13,,0,,,10,,,31.3,28650
7837b36f-c0bd-4962-b0bb-b4c09921112b,b8ff7c36-2003-46d6-a687-551bdd521a9e,1,7fdf9c03-cb60-4f35-a565-e1b66cdee97a,50,,,,,Need more,,3,false,false,100,100,13,,0,,,20,,,130,28650
2512b0a1-2ba5-4d85-ba17-508af60a192f,f8e6ea34-0ad8-43d5-96d7-a6f8b14ff210,1,7fdf9c03-cb60-4f35-a565-e1b66cdee97a,50,,,,,Need more,,3,false,false,100,100,5,,0,,,5,,,25,28650
88be9227-649f-42bd-a6ba-acf4f74b21fb,6fc0455a-d572-4503-bedf-f3872536c2ad,1,7fdf9c03-cb60-4f35-a565-e1b66cdee97a,50,,,,,Need more,,3,false,false,100,100,1.35,,0,,,100,,,135,28650
01e3e7a6-20fa-424c-8ce6-8645a588d489,22dbc5cf-2b86-4763-afc7-e730a2750146,1,7fdf9c03-cb60-4f35-a565-e1b66cdee97a,50,,,,,Need more,,3,false,false,100,100,4.2,,0,,,100,,,420,28650
29cb01d5-7ad5-416e-acf5-aaf8ccc31671,1a354c78-33e5-423d-a8d8-a8ebfa08e117,1,7fdf9c03-cb60-4f35-a565-e1b66cdee97a,50,,,,,Need more,,3,false,false,100,100,4,,0,,,100,,,400,28650
704da1cd-5fba-47b2-865c-73dec248bcee,bb66a9c4-8443-42ee-b701-caf00061f4df,1,7fdf9c03-cb60-4f35-a565-e1b66cdee97a,50,,,,,Need more,,3,false,false,100,100,9,,0,,,100,,,900,28650
f60e7099-2d44-4de4-aeaa-5835b788647f,e217910c-3364-46b3-92cd-8dd8acf0c557,1,7fdf9c03-cb60-4f35-a565-e1b66cdee97a,50,,,,,Need more,,3,false,false,100,100,6,,0,,,10,,,60,28650
5f28d407-3253-4c2f-b456-1f02262dbd3c,8ef9d4da-b6e5-401c-b433-765a5fd8a0cc,1,42e6e295-cff6-49ee-8662-04f0ddfdb9f9,50,,,,,Need more,,3,false,false,100,100,12,,0,,,5,,,60,28650
607d8552-2584-48e7-9beb-56d99558aed4,b61c652d-2259-41d7-8bb6-fc5fcdd95626,1,42e6e295-cff6-49ee-8662-04f0ddfdb9f9,50,,,,,Need more,,3,false,false,100,100,8.5,,0,,,50,,,425,28650
1a368574-14c9-443c-bcfa-507afeb7abaf,b918c3a4-7d12-4be3-854d-d1792cf3b33b,1,42e6e295-cff6-49ee-8662-04f0ddfdb9f9,50,,,,,Need more,,3,false,false,100,100,12.5,,0,,,10,,,125,28650
521d9a25-5e0f-4b77-999d-f3435be4aa1c,72971f1d-dd20-4373-aa94-f9615777581b,1,42e6e295-cff6-49ee-8662-04f0ddfdb9f9,50,,,,,Need more,,3,false,false,100,100,4.6,,0,,,50,,,230,28650
b342a8d6-b398-41a3-8ce2-8132cde4b908,5f0dd194-aae1-490c-8b51-3cf0c87af983,1,42e6e295-cff6-49ee-8662-04f0ddfdb9f9,50,,,,,Need more,,3,false,false,100,100,2,,0,,,100,,,200,28650
34d44238-73a8-4133-b88d-56868d726db2,c0d41166-01fd-4a28-ae2f-46f867ffb368,1,42e6e295-cff6-49ee-8662-04f0ddfdb9f9,50,,,,,Need more,,3,false,false,100,100,3.13,,0,,,10,,,31.3,28650
4cb913f3-3d55-4779-9279-669c1ee49ae4,b8ff7c36-2003-46d6-a687-551bdd521a9e,1,42e6e295-cff6-49ee-8662-04f0ddfdb9f9,50,,,,,Need more,,3,false,false,100,100,13,,0,,,20,,,130,28650
91e1746e-3a62-4a94-aa9b-c8f304b897cb,f8e6ea34-0ad8-43d5-96d7-a6f8b14ff210,1,42e6e295-cff6-49ee-8662-04f0ddfdb9f9,50,,,,,Need more,,3,false,false,100,100,5,,0,,,5,,,25,28650
45558b49-0262-4373-aa9f-62313c64409a,6fc0455a-d572-4503-bedf-f3872536c2ad,1,42e6e295-cff6-49ee-8662-04f0ddfdb9f9,50,,,,,Need more,,3,false,false,100,100,1.35,,0,,,100,,,135,28650
af67202d-e56f-4eee-bd1b-a3d5249539a5,22dbc5cf-2b86-4763-afc7-e730a2750146,1,42e6e295-cff6-49ee-8662-04f0ddfdb9f9,50,,,,,Need more,,3,false,false,100,100,4.2,,0,,,100,,,420,28650
a2eca48e-7929-4734-a5a5-5a05f5eff809,1a354c78-33e5-423d-a8d8-a8ebfa08e117,1,42e6e295-cff6-49ee-8662-04f0ddfdb9f9,50,,,,,Need more,,3,false,false,100,100,4,,0,,,100,,,400,28650
a3c8fe68-53fc-4178-a93d-4cb98503d0e7,bb66a9c4-8443-42ee-b701-caf00061f4df,1,42e6e295-cff6-49ee-8662-04f0ddfdb9f9,50,,,,,Need more,,3,false,false,100,100,9,,0,,,100,,,900,28650
03acb6d0-9387-44f4-823c-706b22026522,e217910c-3364-46b3-92cd-8dd8acf0c557,1,42e6e295-cff6-49ee-8662-04f0ddfdb9f9,50,,,,,Need more,,3,false,false,100,100,6,,0,,,10,,,60,28650
ed8344f4-cc30-4a0e-9274-aded1e5c1754,81dd320e-6d28-446a-8613-8bb899d6c206,1,790da33b-2f79-4b95-bcf1-587938acc2cf,0,0,10,10,10,we need more,0,5,false,false,10,10,17.28,,0,,10,1,50,,17.28,
ec8f1b8c-4215-453c-b5a9-52f8dc701677,d059457a-b7ec-4353-89c6-dde0fc7a0c4b,1,790da33b-2f79-4b95-bcf1-587938acc2cf,0,0,10,10,10,we need more,0,5,false,false,10,10,63.91,,0,,10,1,50,,63.91,
b66483b3-e8ba-404c-99a3-5db450c3e941,3fecd8a4-d130-4e82-95ff-7d7620e24d8d,1,790da33b-2f79-4b95-bcf1-587938acc2cf,0,0,10,10,10,we need more,0,5,false,false,10,10,85.02,,0,,10,1,50,,85.02,
d31a2a72-3cbe-41ec-afc9-2d9bf6386d0b,dc576f79-8d1c-4f4c-a94f-1ddda1065c85,1,790da33b-2f79-4b95-bcf1-587938acc2cf,0,0,10,10,10,we need more,0,5,false,false,10,10,82.55,,0,,10,1,50,,82.55,
d166c5d0-5d03-4685-ac47-fdfb5965fb90,7f0aac5f-582a-4a6a-a8e1-dd534200f257,1,790da33b-2f79-4b95-bcf1-587938acc2cf,0,0,10,10,10,we need more,0,5,false,false,10,10,95.29,,0,,10,1,50,,95.29,
669133b3-7c77-42e5-8dfd-7ed0c19c9b1f,f7169041-733a-4279-bcbb-aee248e1b9dd,1,790da33b-2f79-4b95-bcf1-587938acc2cf,0,0,10,10,10,we need more,0,5,false,false,10,10,89.67,,0,,10,1,50,,89.67,
91b480b3-5301-4de5-a651-452faf68ab2c,e1e51f5a-1bda-4777-a074-d865206e546f,1,790da33b-2f79-4b95-bcf1-587938acc2cf,0,0,10,10,10,we need more,0,5,false,false,10,10,35.94,,0,,10,1,50,,35.94,
3b8a1336-23b9-4be9-b3a4-fdfc36ac0a9a,dc6e49d4-6fd8-49d0-ac4f-44d055c4b49d,1,790da33b-2f79-4b95-bcf1-587938acc2cf,0,0,10,10,10,we need more,0,5,false,false,10,10,45.64,,0,,10,1,50,,45.64,
8c08372e-2dfc-431e-ac59-fb27dd59a0a2,fd77b03e-5578-429b-9802-6d7e4d8cb91d,1,790da33b-2f79-4b95-bcf1-587938acc2cf,0,0,10,10,10,we need more,0,5,false,false,10,10,33.67,,0,,10,1,50,,33.67,
a2d0f9b6-fb11-4540-942b-f16fc25b2673,952aabc6-ffa8-4e9a-ac4d-82b843704a82,1,790da33b-2f79-4b95-bcf1-587938acc2cf,0,0,10,10,10,we need more,0,5,false,false,10,10,27.57,,0,,10,1,50,,27.57,
1b31dc83-de50-4bf1-afb6-f3ef2ca4b6f1,65df9af9-dd9d-4df4-8157-bce65b4a42dd,1,790da33b-2f79-4b95-bcf1-587938acc2cf,0,0,10,10,10,we need more,0,5,false,false,10,10,96.61,,0,,10,1,50,,96.61,
1e81d739-7f46-4075-a0e4-7f3d0d976fba,a4460709-c908-4b94-b3c0-faf5eeefcc03,1,790da33b-2f79-4b95-bcf1-587938acc2cf,0,0,10,10,10,we need more,0,5,false,false,10,10,50.35,,0,,10,1,50,,50.35,
0a64ba48-e8bd-48d1-94a0-b1cfd2fdef64,a4460709-c908-4b94-b3c0-faf5eeefcc03,1,725bbb70-1f38-414f-b6db-7a5b68e40053,10,0,20,,10,,0,5,false,false,10,10,50.35,,0,,40,2,40,,100.7,
066bf91b-684f-4ce5-b145-68ed0030d57e,81dd320e-6d28-446a-8613-8bb899d6c206,1,725bbb70-1f38-414f-b6db-7a5b68e40053,40,0,0,,10,,0,5,false,false,10,10,17.28,,50,,10,1,10,,17.28,
ed87e536-fa08-4209-93db-7b553a4a080d,d059457a-b7ec-4353-89c6-dde0fc7a0c4b,1,725bbb70-1f38-414f-b6db-7a5b68e40053,10,0,20,,10,,0,5,false,false,10,10,63.91,,0,,40,1,40,,63.91,
871a2b88-e86d-4a64-844f-5909a3804ffc,3fecd8a4-d130-4e82-95ff-7d7620e24d8d,1,725bbb70-1f38-414f-b6db-7a5b68e40053,10,0,20,,10,,0,5,false,false,10,10,85.02,,0,,40,1,40,,85.02,
799cfe51-e8f8-48ae-a138-be26b0a482f1,dc576f79-8d1c-4f4c-a94f-1ddda1065c85,1,725bbb70-1f38-414f-b6db-7a5b68e40053,13,0,20,,7,,5,5,false,false,9,10,82.55,,0,,37,1,37,,82.55,
26c661d5-d97c-4d55-9721-e5f09e9106bf,7f0aac5f-582a-4a6a-a8e1-dd534200f257,1,725bbb70-1f38-414f-b6db-7a5b68e40053,55,0,20,,30,,5,5,false,false,36,23,95.29,,65,,60,1,60,,95.29,
39ef4ea3-743f-4185-994e-90aa0cf7c058,f7169041-733a-4279-bcbb-aee248e1b9dd,1,725bbb70-1f38-414f-b6db-7a5b68e40053,10,0,20,,10,,5,5,false,false,12,11,89.67,,0,,45,1,45,,89.67,
39d783d5-efc3-4fc4-af3c-75665b846aa7,e1e51f5a-1bda-4777-a074-d865206e546f,1,725bbb70-1f38-414f-b6db-7a5b68e40053,40,0,0,,10,,0,5,false,false,10,10,35.94,,50,,10,1,10,,35.94,
18dd02bb-f381-4b5c-99f5-84f99cde0b1d,dc6e49d4-6fd8-49d0-ac4f-44d055c4b49d,1,725bbb70-1f38-414f-b6db-7a5b68e40053,5,0,20,,15,,5,5,false,false,18,14,45.64,,0,,65,1,65,,45.64,
931a6994-77b0-45cc-b34f-8169194b966e,fd77b03e-5578-429b-9802-6d7e4d8cb91d,1,725bbb70-1f38-414f-b6db-7a5b68e40053,20,0,20,,0,,0,5,false,false,0,5,33.67,,0,,5,1,5,,33.67,
f4688c2a-d72b-41ae-8a81-3122634baf00,952aabc6-ffa8-4e9a-ac4d-82b843704a82,1,725bbb70-1f38-414f-b6db-7a5b68e40053,15,0,20,,5,,0,5,false,false,5,8,27.57,,0,,25,1,25,,27.57,
c37bbc15-0522-4e27-a141-339206db01f5,65df9af9-dd9d-4df4-8157-bce65b4a42dd,1,725bbb70-1f38-414f-b6db-7a5b68e40053,10,0,20,,10,,0,5,false,false,10,10,96.61,,0,,40,2,40,,193.22,
b9920bc0-2aa8-4937-a1f5-edae6648cd14,a4460709-c908-4b94-b3c0-faf5eeefcc03,1,e8a38085-1f93-4cd8-aee3-8f63953c5d52,10,0,20,,10,,0,5,false,false,10,10,50.35,,0,,40,2,40,,100.7,
0dced146-afd5-41e8-b554-1e6ce02348c6,81dd320e-6d28-446a-8613-8bb899d6c206,1,e8a38085-1f93-4cd8-aee3-8f63953c5d52,40,10,0,,10,,0,5,false,false,10,10,17.28,,50,,10,1,10,,17.28,
3502c304-2bbd-44ae-a9c7-b21ff899d874,d059457a-b7ec-4353-89c6-dde0fc7a0c4b,1,e8a38085-1f93-4cd8-aee3-8f63953c5d52,10,0,20,,10,,0,5,false,false,10,10,63.91,,0,,40,1,40,,63.91,
f683beb9-e773-4ba8-8418-76ceb152c567,3fecd8a4-d130-4e82-95ff-7d7620e24d8d,1,e8a38085-1f93-4cd8-aee3-8f63953c5d52,10,0,20,,10,,0,5,false,false,10,10,85.02,,0,,40,1,40,,85.02,
acb1e225-d444-4b8a-ba3c-d7c875423c9c,dc576f79-8d1c-4f4c-a94f-1ddda1065c85,1,e8a38085-1f93-4cd8-aee3-8f63953c5d52,13,0,20,,7,,5,5,false,false,9,10,82.55,,0,,37,1,37,,82.55,
afb9a4d8-d810-4982-8514-b67d104eb6c2,7f0aac5f-582a-4a6a-a8e1-dd534200f257,1,e8a38085-1f93-4cd8-aee3-8f63953c5d52,55,30,20,,30,,5,5,false,false,36,23,95.29,,65,,60,1,60,,95.29,
1bffd6ea-055b-495f-84ef-2b759b96c441,f7169041-733a-4279-bcbb-aee248e1b9dd,1,e8a38085-1f93-4cd8-aee3-8f63953c5d52,10,0,20,,10,,5,5,false,false,12,11,89.67,,0,,45,1,45,,89.67,
49a7e65e-516f-496e-8a12-17793da85f40,e1e51f5a-1bda-4777-a074-d865206e546f,1,e8a38085-1f93-4cd8-aee3-8f63953c5d52,40,10,0,,10,,0,5,false,false,10,10,35.94,,50,,10,1,10,,35.94,
e52fc9b1-0e29-4cf6-aef4-908275b44137,dc6e49d4-6fd8-49d0-ac4f-44d055c4b49d,1,e8a38085-1f93-4cd8-aee3-8f63953c5d52,5,0,20,,15,,5,5,false,false,18,14,45.64,,0,,65,1,65,,45.64,
860dd67a-aa65-444e-9efb-7abc0585fe22,fd77b03e-5578-429b-9802-6d7e4d8cb91d,1,e8a38085-1f93-4cd8-aee3-8f63953c5d52,20,0,20,,0,,0,5,false,false,0,5,33.67,,0,,5,1,5,,33.67,
25fd5608-357b-4163-9a6e-126feb3fce7a,952aabc6-ffa8-4e9a-ac4d-82b843704a82,1,e8a38085-1f93-4cd8-aee3-8f63953c5d52,15,0,20,,5,,0,5,false,false,5,8,27.57,,0,,25,1,25,,27.57,
4013c555-1708-4749-ab82-38eaa3ca731c,65df9af9-dd9d-4df4-8157-bce65b4a42dd,1,e8a38085-1f93-4cd8-aee3-8f63953c5d52,10,0,20,,10,,0,5,false,false,10,10,96.61,,0,,40,2,40,,193.22,
08db1ba8-ff7d-11e8-8eb2-f2801f1b9fd1,a4460709-c908-4b94-b3c0-faf5eeefcc03,1,addd575c-ff7c-11e8-8eb2-f2801f1b9fd1,10,0,20,,10,,0,5,false,false,10,10,50.35,,0,,40,2,40,,100.7,
0fb58012-ff7d-11e8-8eb2-f2801f1b9fd1,81dd320e-6d28-446a-8613-8bb899d6c206,1,addd575c-ff7c-11e8-8eb2-f2801f1b9fd1,40,10,0,,10,,0,5,false,false,10,10,17.28,,50,,10,1,10,,17.28,
16922f2a-ff7d-11e8-8eb2-f2801f1b9fd1,d059457a-b7ec-4353-89c6-dde0fc7a0c4b,1,addd575c-ff7c-11e8-8eb2-f2801f1b9fd1,10,0,20,,10,,0,5,false,false,10,10,63.91,,0,,40,1,40,,63.91,
1c06c056-ff7d-11e8-8eb2-f2801f1b9fd1,3fecd8a4-d130-4e82-95ff-7d7620e24d8d,1,addd575c-ff7c-11e8-8eb2-f2801f1b9fd1,10,0,20,,10,,0,5,false,false,10,10,85.02,,0,,40,1,40,,85.02,
211357b2-ff7d-11e8-8eb2-f2801f1b9fd1,dc576f79-8d1c-4f4c-a94f-1ddda1065c85,1,addd575c-ff7c-11e8-8eb2-f2801f1b9fd1,13,0,20,,7,,5,5,false,false,9,10,82.55,,0,,37,1,37,,82.55,
25f8c212-ff7d-11e8-8eb2-f2801f1b9fd1,7f0aac5f-582a-4a6a-a8e1-dd534200f257,1,addd575c-ff7c-11e8-8eb2-f2801f1b9fd1,55,30,20,,30,,5,5,false,false,36,23,95.29,,65,,60,1,60,,95.29,
2c7def5e-ff7d-11e8-8eb2-f2801f1b9fd1,f7169041-733a-4279-bcbb-aee248e1b9dd,1,addd575c-ff7c-11e8-8eb2-f2801f1b9fd1,10,0,20,,10,,5,5,false,false,12,11,89.67,,0,,45,1,45,,89.67,
323e0032-ff7d-11e8-8eb2-f2801f1b9fd1,e1e51f5a-1bda-4777-a074-d865206e546f,1,addd575c-ff7c-11e8-8eb2-f2801f1b9fd1,40,10,0,,10,,0,5,false,false,10,10,35.94,,50,,10,1,10,,35.94,
36f2e8cc-ff7d-11e8-8eb2-f2801f1b9fd1,dc6e49d4-6fd8-49d0-ac4f-44d055c4b49d,1,addd575c-ff7c-11e8-8eb2-f2801f1b9fd1,5,0,20,,15,,5,5,false,false,18,14,45.64,,0,,65,1,65,,45.64,
3c6d5a4e-ff7d-11e8-8eb2-f2801f1b9fd1,fd77b03e-5578-429b-9802-6d7e4d8cb91d,1,addd575c-ff7c-11e8-8eb2-f2801f1b9fd1,20,0,20,,0,,0,5,false,false,0,5,33.67,,0,,5,1,5,,33.67,
41f54f62-ff7d-11e8-8eb2-f2801f1b9fd1,952aabc6-ffa8-4e9a-ac4d-82b843704a82,1,addd575c-ff7c-11e8-8eb2-f2801f1b9fd1,15,0,20,,5,,0,5,false,false,5,8,27.57,,0,,25,1,25,,27.57,
47cccd02-ff7d-11e8-8eb2-f2801f1b9fd1,65df9af9-dd9d-4df4-8157-bce65b4a42dd,1,addd575c-ff7c-11e8-8eb2-f2801f1b9fd1,10,0,20,,10,,0,5,false,false,10,10,96.61,,0,,40,2,40,,193.22,
3c9f3a9e-ff84-11e8-8eb2-f2801f1b9fd1,a4460709-c908-4b94-b3c0-faf5eeefcc03,1,d4b38cd2-ff83-11e8-8eb2-f2801f1b9fd1,10,0,20,,10,,0,5,false,false,10,10,50.35,,0,,40,2,40,,100.7,
42aa8736-ff84-11e8-8eb2-f2801f1b9fd1,81dd320e-6d28-446a-8613-8bb899d6c206,1,d4b38cd2-ff83-11e8-8eb2-f2801f1b9fd1,40,10,0,,10,,0,5,false,false,10,10,17.28,,50,,10,1,10,,17.28,
4b51ba30-ff84-11e8-8eb2-f2801f1b9fd1,d059457a-b7ec-4353-89c6-dde0fc7a0c4b,1,d4b38cd2-ff83-11e8-8eb2-f2801f1b9fd1,10,0,20,,10,,0,5,false,false,10,10,63.91,,0,,40,1,40,,63.91,
4fec44a2-ff84-11e8-8eb2-f2801f1b9fd1,3fecd8a4-d130-4e82-95ff-7d7620e24d8d,1,d4b38cd2-ff83-11e8-8eb2-f2801f1b9fd1,10,0,20,,10,,0,5,false,false,10,10,85.02,,0,,40,1,40,,85.02,
559fe61a-ff84-11e8-8eb2-f2801f1b9fd1,dc576f79-8d1c-4f4c-a94f-1ddda1065c85,1,d4b38cd2-ff83-11e8-8eb2-f2801f1b9fd1,13,0,20,,7,,5,5,false,false,9,10,82.55,,0,,37,1,37,,82.55,
5af72286-ff84-11e8-8eb2-f2801f1b9fd1,7f0aac5f-582a-4a6a-a8e1-dd534200f257,1,d4b38cd2-ff83-11e8-8eb2-f2801f1b9fd1,55,30,20,,30,,5,5,false,false,36,23,95.29,,65,,60,1,60,,95.29,
60536032-ff84-11e8-8eb2-f2801f1b9fd1,f7169041-733a-4279-bcbb-aee248e1b9dd,1,d4b38cd2-ff83-11e8-8eb2-f2801f1b9fd1,10,0,20,,10,,5,5,false,false,12,11,89.67,,0,,45,1,45,,89.67,
65835a94-ff84-11e8-8eb2-f2801f1b9fd1,e1e51f5a-1bda-4777-a074-d865206e546f,1,d4b38cd2-ff83-11e8-8eb2-f2801f1b9fd1,40,10,0,,10,,0,5,false,false,10,10,35.94,,50,,10,1,10,,35.94,
6c10a86c-ff84-11e8-8eb2-f2801f1b9fd1,dc6e49d4-6fd8-49d0-ac4f-44d055c4b49d,1,d4b38cd2-ff83-11e8-8eb2-f2801f1b9fd1,5,0,20,,15,,5,5,false,false,18,14,45.64,,0,,65,1,65,,45.64,
70e409f6-ff84-11e8-8eb2-f2801f1b9fd1,fd77b03e-5578-429b-9802-6d7e4d8cb91d,1,d4b38cd2-ff83-11e8-8eb2-f2801f1b9fd1,20,0,20,,0,,0,5,false,false,0,5,33.67,,0,,5,1,5,,33.67,
762c6462-ff84-11e8-8eb2-f2801f1b9fd1,952aabc6-ffa8-4e9a-ac4d-82b843704a82,1,d4b38cd2-ff83-11e8-8eb2-f2801f1b9fd1,15,0,20,,5,,0,5,false,false,5,8,27.57,,0,,25,1,25,,27.57,
7bea2f6a-ff84-11e8-8eb2-f2801f1b9fd1,65df9af9-dd9d-4df4-8157-bce65b4a42dd,1,d4b38cd2-ff83-11e8-8eb2-f2801f1b9fd1,10,0,20,,10,,0,5,false,false,10,10,96.61,,0,,40,2,40,,193.22,
